[
    {
        "type" : "Breakfast Recipes",
        "list" : [ {
            "id" : 1,
            "name" : "Masala Dosa",
            "pic" : "masaladosa.jpg",
            "ingredients" : []
        }, {
            "id" : 2,
            "name" : "Appam",
            "pic" : "appam.jpg",
            "ingredients" : []
        }, {
            "id" : 3,
            "name" : "Rice Noodles",
            "pic" : "rice noodles.jpg",
            "ingredients" : []
        }, {
            "id" : 4,
            "name" : "Phulka",
            "pic" : "phulka.jpg",
            "ingredients" : []
        }, {
            "id" : 5,
            "name" : "Aloo Parathas",
            "pic" : "alooparathas.jpg",
            "ingredients" : ["Wheat flour - 2 cups",
                             "For filling Potatoes (boiled, grated and mashed) 3-4",
                             "Red chilli powder - 2 tsp.",
                             "Garam masala - 1 tsp.",
                             "Dhania (jeera) powder - 2 tsp",
                             "Amchur powder - ½ tsp.",
                             "Fresh finely chopped coriander",
                             "Bread crumbs"
                             ]
        
        }]
    },
    {
        "type" : "Snacks and Sweets",
        "list" : [ {
            "id" : 1,
            "name" : "Bhelpuri",
            "pic" : "bhelpuri.jpg",
            "ingredients" : []
        },
    
        {
            "id" : 2,
            "name" : "Murukku",
            "pic" : "murukku.jpg",
            "ingredients" : []
        }, {
            "id" : 3,
            "name" : "Gulab Jamun",
            "pic" : "Gulab-Jamun.jpg",
            "ingredients" : ["Milk Powder - 1/2 cup",
                             "Maida (All purpose flour) - 2 tsp",
                             "Rava (Semolina) - 1 tsp",
                             "Baking Soda - 1/4 tsp",
                             "Milk - 2 tbsp",
                             "Lemon Juice - 1/2 tsp",
                             "Ghee or Butter - 1 tbsp"
                             ]
        }, {
            "id" : 4,
            "name" : "Mysore Pak",
            "pic" : "Mysore-Pak.jpg",
            "ingredients" : []
        } ]
    },
    {
        "type" : "Rice Varieties",
        "list" : []
    },
    {
        "type" : "Diabetic Recipes",
        "list" : [ {
            "id" : 1,
            "name" : "Bittergourd Fry",
            "pic" : "bittergourdfrys.jpg",
            "ingredients" : []
        }, {
            "id" : 2,
            "name" : "Oats Soup",
            "pic" : "oatssoup.jpg",
            "ingredients" : []
        }, {
            "id" : 3,
            "name" : "Ragi Idli and Dosa",
            "pic" : "ragi idli dosa.jpg",
            "ingredients" : []
        }, {
            "id" : 3,
            "name" : "Phulka",
            "pic" : "phulka.jpg",
            "ingredients" : []
        }]
    }

]
